input,learning,accuracy,precision,recall,f1
formatD,logistic,0.8820224719101124,0.8702910376716986,0.868756148708124,0.8694204766105287
formatD,svm,0.8792134831460674,0.8665799062988028,0.8682003917913668,0.8673632306034541
formatD,xgboost,0.8904494382022472,0.8782791618544795,0.8800486287302163,0.8790315055937015
formatD,NN,0.8904494382022472,0.8794546427130276,0.8831816651996065,0.8811364289305464
formatD,s-search,0.821248,0.805128,0.797519,0.799724